sha256	bytes	path
583146c6589fb2f11b2bca1e1ac5e40e35db76c778e516c7301eed0a6305adab	10921	data/human-HPRC/assemblies/manifest.tsv
489ba929a708f22f4b0f04afec68b1cf3830c2bd3c992ed26bda6bce319166b4	4873	data/human-HPRC/assemblies/verify.tsv
08959902840a28f410ad1220e36b2a3fbe2cb90beecceb6ea5b050a0e68ed96d	874637925	data/human-HPRC/assemblies/GCA_000001405.15_GRCh38_no_alt_plus_hs38d1_analysis_set.fna.gz
698e2e3643f3140bf7b7993b231537b9301d6b6f6273b386dc1e074b9b33e16c	11947915887	data/human-HPRC/pangenome/hprc-v1.0-mc-grch38.gfa.gz
33f09d2e03ad17fb94eea9b37b5ae466a51fc70dea50f4d6e05e9c8dae8b78de	9871954470	data/human-HPRC/pangenome/hprc-v1.1-mc-grch38.full.gfa.gz
c2a9de33cdae67ef982fb3006441cde72f1dd1d4964e3a3efb5d2ac215cea420	352206834	data/tomato-tgg/sources-chr2/tomato23_chr2.sources.fa.gz
f243617fba4b1deb45986f09276d1ff5b6bba154f95760f2dfb3c4fb3da77ae7	158539232	data/tomato-tgg/pangenome/tomato23_chr2.cleaned.gfa.gz
e7ac04a7da7f020080fe511b1068f552e060b2de5381fa0168dbaf837152977b	352351138	data/tomato-tgg/fixtures/divergent_MM.fa.gz
9a6dad7986689cb6e6aaf0f99f81db6c458933194d47b207e8ce1fc09bb1b0d7	335534004	data/tomato-tgg/fixtures/missing_SL5.fa.gz
